1|3/20/2024 11:11:00 AM|1
2|12/12/1212 12:12:00 PM|2
3|12/12/1213 12:13:00 PM|3
4|1/1/0101 1:01:00 AM|4
5|12/12/1213 1:12:00 PM|5
6|8/8/0808 8:08:00 AM|6
7|11/11/1111 11:11:00 AM|7
8|12/12/1212 12:12:00 PM|3
9|12/13/1213 1:12:00 PM|4
10|3/15/2024 12:12:00 PM|5
11|3/15/2024 12:33:00 PM|6
12|12/12/1212 12:12:00 PM|7
13|12/12/1212 1:12:00 PM|8
14|12/12/1212 12:12:00 PM|8
15|12/12/1212 12:12:00 PM|4
16|12/12/1212 12:12:00 PM|5
17|12/12/1212 12:12:00 PM|6
18|12/12/1212 12:12:00 PM|6
19|12/12/1212 12:12:00 PM|7
20|12/12/1212 12:13:00 PM|7
21|11/11/1111 11:11:00 AM|8
22|12/12/1212 12:12:00 PM|9
23|12/12/1212 12:12:00 PM|10
24|12/12/1211 12:12:00 PM|11
25|12/12/1212 1:19:00 PM|11
26|12/12/1212 12:12:00 PM|12
27|11/12/1333 1:13:00 PM|13
28|12/12/1212 12:12:00 PM|14
